{"videos": {"_type": "video-file", "sha256": "6bedfcfab308b13353f890c0d55897221d84d6a21b180a6fdcb378af9f31d7c0", "size": 420569, "path": "media/videos/videos_2_6bedfcfab308b13353f8.mp4"}, "_timestamp": 1712262288.133906, "_runtime": 11.859158992767334, "_step": 29, "global_step": 10500, "charts/episodic_return": -500.0, "charts/episodic_length": 500.0, "_wandb": {"runtime": 11}, "charts/loss": 0.08143962919712067, "charts/Q_values": -0.9518254995346069}