{"videos": {"_type": "video-file", "sha256": "cd31242a97bb0cc84e25121d76ebc4bed748c706624a73e96688f899d38d9336", "size": 32825, "path": "media/videos/videos_13_cd31242a97bb0cc84e25.mp4"}, "_timestamp": 1712268320.997492, "_runtime": 295.26207399368286, "_step": 9235, "global_step": 499900, "charts/episodic_return": 500.0, "charts/episodic_length": 500.0, "charts/loss": 0.03195951133966446, "charts/Q_values": 103.00470733642578, "_wandb": {"runtime": 294}}