{"videos": {"_type": "video-file", "sha256": "c7d553fe9c46abe30d15132b9de6c69708caa85084b484d8d8f58b0cbeb4b0ff", "size": 29200, "path": "media/videos/videos_13_c7d553fe9c46abe30d15.mp4"}, "_timestamp": 1712182986.291436, "_runtime": 231.5707368850708, "_step": 9093, "global_step": 499900, "charts/episodic_return": 500.0, "charts/episodic_length": 500.0, "losses/td_loss": 0.6060923337936401, "losses/q_values": 97.29458618164062, "charts/SPS": 2175.0, "_wandb": {"runtime": 231}}