{"_wandb": {"runtime": 0}, "global_step": 0, "_timestamp": 1713969403.6332438, "_runtime": 0.7410306930541992, "_step": 0}