{"videos": {"_type": "video-file", "sha256": "851d51cc9b857dc88696e2ee060f998daf9526144d3020c18cced2d3a90f6f90", "size": 95435, "path": "media/videos/videos_8_851d51cc9b857dc88696.mp4"}, "_timestamp": 1713972683.772539, "_runtime": 239.92606592178345, "_step": 77, "global_step": 68, "charts/learning_rate": 0.0002588114875834435, "losses/value_loss": 0.25695154070854187, "losses/policy_loss": -0.035440899431705475, "losses/entropy": 0.7877073884010315, "losses/old_approx_kl": -0.0031277546659111977, "losses/approx_kl": 0.004199224058538675, "losses/clipfrac": 0.028564453125, "losses/explained_variance": 0.010065674781799316, "charts/SPS": 0.0, "charts/episodic_return": -1630.6424560546875, "charts/episodic_length": 200.0}