{"videos": {"_type": "video-file", "sha256": "cd1e2bf9d64241ae64b3fea5ee41ca0cf9f9b8fed9c856222310239093777ffb", "size": 116037, "path": "media/videos/videos_5_cd1e2bf9d64241ae64b3.mp4"}, "_timestamp": 1713972108.797905, "_runtime": 47.30766201019287, "_step": 18, "global_step": 12, "charts/learning_rate": 0.00029323771013878286, "losses/value_loss": 0.33715224266052246, "losses/policy_loss": 0.6894397735595703, "losses/entropy": 1.5024107694625854, "losses/old_approx_kl": 0.009745916351675987, "losses/approx_kl": 0.009695395827293396, "losses/clipfrac": 0.07329101860523224, "losses/explained_variance": -0.00235593318939209, "charts/SPS": 0.0}