{"_wandb": {"runtime": 1}, "global_step": 0, "_timestamp": 1713971074.6333492, "_runtime": 0.7411980628967285, "_step": 0}