{"_wandb": {"runtime": 1}, "global_step": 0, "_timestamp": 1713930429.102041, "_runtime": 0.9347889423370361, "_step": 0}