{"videos": {"_type": "video-file", "sha256": "cd1e2bf9d64241ae64b3fea5ee41ca0cf9f9b8fed9c856222310239093777ffb", "size": 116037, "path": "media/videos/videos_5_cd1e2bf9d64241ae64b3.mp4"}, "_timestamp": 1713971814.251136, "_runtime": 60.41672396659851, "_step": 17, "global_step": 11, "charts/learning_rate": 0.00029385247034952044, "losses/value_loss": 0.36884331703186035, "losses/policy_loss": 0.5744492411613464, "losses/entropy": 1.458512306213379, "losses/old_approx_kl": -0.0024567535147070885, "losses/approx_kl": 0.0007934253662824631, "losses/clipfrac": 0.008007812313735485, "losses/explained_variance": -0.004365682601928711, "charts/SPS": 0.0}