{"_wandb": {"runtime": 0}, "global_step": 0, "_timestamp": 1713918528.415448, "_runtime": 1.150989055633545, "_step": 0}