{"_wandb": {"runtime": 0}, "global_step": 0, "_timestamp": 1713969226.523532, "_runtime": 0.6942009925842285, "_step": 0}