{"_wandb": {"runtime": 1}, "global_step": 0, "_timestamp": 1713968939.808186, "_runtime": 0.7432050704956055, "_step": 0}