{"videos": {"_type": "video-file", "sha256": "f2eeaa5201c2f849c38c84f329b8f99cc89a6847a1b37fcd7007ad6509782f09", "size": 38854, "path": "media/videos/videos_13_f2eeaa5201c2f849c38c.mp4"}, "_timestamp": 1712269179.619915, "_runtime": 275.59738302230835, "_step": 9118, "global_step": 499900, "charts/episodic_return": 500.0, "charts/episodic_length": 500.0, "charts/loss": 0.02082563005387783, "charts/Q_values": 101.59593963623047, "_wandb": {"runtime": 275}}