{"_wandb": {"runtime": 0}, "global_step": 0, "_timestamp": 1712190820.076852, "_runtime": 1.5453321933746338, "_step": 0}