{"videos": {"_type": "video-file", "sha256": "c1c013069fd4d48887fe0ffad7810c56777a1295da5c1a5ef0c0b1a28caa73b9", "size": 66394, "path": "media/videos/videos_13_c1c013069fd4d48887fe.mp4"}, "_timestamp": 1712266315.807701, "_runtime": 361.80485820770264, "_step": 9224, "global_step": 499949, "charts/episodic_return": -74.0, "charts/episodic_length": 75.0, "charts/loss": 0.49356186389923096, "charts/Q_values": -33.63235855102539, "_wandb": {"runtime": 361}}