{"_wandb": {"runtime": 0}, "global_step": 0, "_timestamp": 1712191080.7076428, "_runtime": 0.8905909061431885, "_step": 0}