{"videos": {"_type": "video-file", "sha256": "8ad464ad04af5634b35ed69fc852d2c04ca983096c94eb5d3339aef6def369ac", "size": 71242, "path": "media/videos/videos_13_8ad464ad04af5634b35e.mp4"}, "_timestamp": 1712264950.5127249, "_runtime": 328.7035779953003, "_step": 8987, "global_step": 499971, "charts/episodic_return": -73.0, "charts/episodic_length": 74.0, "charts/loss": 1.882191777229309, "charts/Q_values": -34.36335372924805, "_wandb": {"runtime": 328}}