{"_wandb": {"runtime": 0}, "global_step": 0, "_timestamp": 1713969562.758902, "_runtime": 0.6685261726379395, "_step": 0}