{"_wandb": {"runtime": 1}, "global_step": 0, "_timestamp": 1712255367.460922, "_runtime": 0.7989919185638428, "_step": 0}