{"videos": {"_type": "video-file", "sha256": "3f92de01e9387cb53ae1a02a98d78756e91de1ef38270af7db63954d6117e307", "size": 26098, "path": "media/videos/videos_13_3f92de01e9387cb53ae1.mp4"}, "_timestamp": 1712267883.3542058, "_runtime": 291.3950607776642, "_step": 9401, "global_step": 499900, "charts/episodic_return": 500.0, "charts/episodic_length": 500.0, "charts/loss": 0.05319445580244064, "charts/Q_values": 101.22754669189453, "_wandb": {"runtime": 290}}