{"_wandb": {"runtime": 0}, "global_step": 0, "_timestamp": 1712191045.659978, "_runtime": 0.8179128170013428, "_step": 0}