{"_wandb": {"runtime": 0}, "global_step": 0, "_timestamp": 1712190953.933173, "_runtime": 0.9732308387756348, "_step": 0}