{"videos": {"_type": "video-file", "sha256": "c1e94c91b03ea5c07cd83e4dc3722aa4e234f0c37886096bd1cf009d27f62f99", "size": 375530, "path": "media/videos/videos_3_c1e94c91b03ea5c07cd8.mp4"}, "_timestamp": 1712262555.026229, "_runtime": 24.93046998977661, "_step": 285, "global_step": 31800, "charts/episodic_return": -500.0, "charts/episodic_length": 500.0, "charts/loss": 0.16795101761817932, "charts/Q_values": -33.01617431640625}