{"videos": {"_type": "video-file", "sha256": "787e28b4c305d33e684c0a597d7750c0ffa9b65ed94baf5642278522a17bf19c", "size": 149852, "path": "media/videos/videos_11_787e28b4c305d33e684c.mp4"}, "_timestamp": 1712265612.229995, "_runtime": 311.2983169555664, "_step": 7538, "global_step": 499962, "charts/episodic_return": -72.0, "charts/episodic_length": 73.0, "charts/loss": 8.583946228027344, "charts/Q_values": -42.70317459106445, "_wandb": {"runtime": 310}}