{"videos": {"_type": "video-file", "sha256": "f469d7e66a59404a9253e4d4109199ccb7d8ac33abfd17c76e368217d1e392bc", "size": 126620, "path": "media/videos/videos_13_f469d7e66a59404a9253.mp4"}, "_timestamp": 1712264004.647879, "_runtime": 346.19625878334045, "_step": 9193, "global_step": 499971, "charts/episodic_return": -93.0, "charts/episodic_length": 94.0, "charts/loss": 0.5860560536384583, "charts/Q_values": -33.86648941040039, "_wandb": {"runtime": 345}}