{"_wandb": {"runtime": 0}, "global_step": 0, "_timestamp": 1712261877.036607, "_runtime": 0.8704710006713867, "_step": 0}