{"_wandb": {"runtime": 1}, "global_step": 0, "_timestamp": 1713969518.666118, "_runtime": 0.6960527896881104, "_step": 0}