{"_wandb": {"runtime": 1}, "global_step": 0, "_timestamp": 1712262429.114113, "_runtime": 0.7832009792327881, "_step": 0}