{"videos": {"_type": "video-file", "sha256": "c4cb1b2f24a54976adbe68bf3904dd396ebdbf4136e2afa62d176da53f61a3c8", "size": 4130, "path": "media/videos/videos_14_c4cb1b2f24a54976adbe.mp4"}, "_timestamp": 1712269510.961726, "_runtime": 271.8716199398041, "_step": 10552, "global_step": 499954, "charts/episodic_return": 500.0, "charts/episodic_length": 500.0, "charts/loss": 0.0013782903552055359, "charts/Q_values": 100.334228515625, "_wandb": {"runtime": 271}}